ts_code,time,open,close,high,low,vol,amount
002522.SZ,2026-09-16 09:30:00,5.86,5.9,5.96,5.86,8240900.0,48398691.0
002522.SZ,2026-09-16 09:31:00,5.9,5.96,6.0,5.88,11696297.0,69513525.33
002522.SZ,2026-09-16 09:32:00,5.97,6.13,6.15,5.97,11661199.0,70348985.99
002522.SZ,2026-09-16 09:33:00,6.12,6.01,6.12,5.98,8371500.0,50502551.51
002522.SZ,2026-09-16 09:34:00,6.01,6.0,6.03,5.98,4435600.0,26621349.01
002522.SZ,2026-09-16 09:35:00,5.98,5.92,5.98,5.92,4115000.0,24495093.98
002522.SZ,2026-09-16 09:36:00,5.93,6.03,6.03,5.93,2956769.0,17688617.37
002522.SZ,2026-09-16 09:37:00,6.03,6.01,6.03,5.96,3843500.0,23037900.0
002522.SZ,2026-09-16 09:38:00,6.02,5.98,6.04,5.97,3500700.0,21047860.62
002522.SZ,2026-09-16 09:39:00,5.99,6.03,6.03,5.99,1916900.0,11512318.0
002522.SZ,2026-09-16 09:40:00,6.02,6.05,6.08,6.02,3758416.0,22732751.02
002522.SZ,2026-09-16 09:41:00,6.04,6.04,6.04,6.0,1641184.0,9884324.36
002522.SZ,2026-09-16 09:42:00,6.03,5.99,6.03,5.99,1589300.0,9555026.0
002522.SZ,2026-09-16 09:43:00,5.99,5.99,5.99,5.98,1199200.0,7179531.0
002522.SZ,2026-09-16 09:44:00,5.99,5.96,6.01,5.96,1833400.0,10969740.0
002522.SZ,2026-09-16 09:45:00,5.96,5.89,5.96,5.89,2977030.0,17606221.3
002522.SZ,2026-09-16 09:46:00,5.89,5.94,5.96,5.89,1420800.0,8411317.0
002522.SZ,2026-09-16 09:47:00,5.93,5.96,5.96,5.93,1195400.0,7097364.0
002522.SZ,2026-09-16 09:48:00,5.96,5.94,5.97,5.94,970900.0,5782108.0
002522.SZ,2026-09-16 09:49:00,5.93,5.93,5.95,5.93,674950.0,4008616.5
002522.SZ,2026-09-16 09:50:00,5.94,5.93,5.94,5.93,695700.0,4126450.0
002522.SZ,2026-09-16 09:51:00,5.93,5.92,5.93,5.9,1120200.0,6628755.0
002522.SZ,2026-09-16 09:52:00,5.92,5.91,5.92,5.89,1589700.0,9384974.0
002522.SZ,2026-09-16 09:53:00,5.92,5.93,5.93,5.92,413270.0,2448344.7
002522.SZ,2026-09-16 09:54:00,5.93,5.93,5.93,5.92,403300.0,2390892.0
002522.SZ,2026-09-16 09:55:00,5.93,5.9,5.93,5.9,815730.0,4823513.6
002522.SZ,2026-09-16 09:56:00,5.91,5.9,5.91,5.9,494270.0,2918084.0
002522.SZ,2026-09-16 09:57:00,5.91,5.91,5.92,5.9,512400.0,3026608.0
002522.SZ,2026-09-16 09:58:00,5.92,5.95,5.95,5.92,381319.0,2260727.48
002522.SZ,2026-09-16 09:59:00,5.95,5.96,5.97,5.94,1361200.0,8103063.0
002522.SZ,2026-09-16 10:00:00,5.96,5.93,5.97,5.93,750400.0,4466286.0
002522.SZ,2026-09-16 10:01:00,5.93,5.93,5.93,5.92,456800.0,2706970.0
002522.SZ,2026-09-16 10:02:00,5.92,5.93,5.93,5.92,359800.0,2132846.0
002522.SZ,2026-09-16 10:03:00,5.92,5.94,5.94,5.91,561500.0,3325945.81
002522.SZ,2026-09-16 10:04:00,5.93,5.95,5.95,5.93,192305.0,1142269.7
002522.SZ,2026-09-16 10:05:00,5.95,5.92,5.95,5.92,439995.0,2609786.3
002522.SZ,2026-09-16 10:06:00,5.93,5.91,5.93,5.91,533381.0,3155674.71
002522.SZ,2026-09-16 10:07:00,5.91,5.9,5.91,5.9,566619.0,3344108.1
002522.SZ,2026-09-16 10:08:00,5.91,5.9,5.91,5.89,588300.0,3471014.81
002522.SZ,2026-09-16 10:09:00,5.9,5.89,5.9,5.89,301001.0,1774062.89
002522.SZ,2026-09-16 10:10:00,5.89,5.89,5.9,5.89,238700.0,1406504.0
002522.SZ,2026-09-16 10:11:00,5.89,5.87,5.89,5.87,911980.0,5364436.2
002522.SZ,2026-09-16 10:12:00,5.88,5.87,5.88,5.86,1086700.0,6376627.0
002522.SZ,2026-09-16 10:13:00,5.87,5.83,5.87,5.82,2270100.0,13252818.0
002522.SZ,2026-09-16 10:14:00,5.83,5.85,5.87,5.83,697200.0,4082191.0
002522.SZ,2026-09-16 10:15:00,5.86,5.86,5.87,5.86,341200.0,1998602.8
002522.SZ,2026-09-16 10:16:00,5.86,5.84,5.86,5.84,281800.0,1648869.0
002522.SZ,2026-09-16 10:17:00,5.85,5.87,5.87,5.84,682520.0,3999636.2
002522.SZ,2026-09-16 10:18:00,5.87,5.9,5.9,5.87,395500.0,2325190.0
002522.SZ,2026-09-16 10:19:00,5.9,5.91,5.92,5.9,608531.0,3592289.9
002522.SZ,2026-09-16 10:20:00,5.91,5.9,5.91,5.9,369900.0,2185185.0
002522.SZ,2026-09-16 10:21:00,5.91,5.91,5.91,5.9,275600.0,1627623.0
002522.SZ,2026-09-16 10:22:00,5.9,5.88,5.9,5.88,137700.0,811060.0
002522.SZ,2026-09-16 10:23:00,5.88,5.9,5.9,5.88,136100.0,801981.0
002522.SZ,2026-09-16 10:24:00,5.89,5.9,5.9,5.89,124900.0,736587.0
002522.SZ,2026-09-16 10:25:00,5.89,5.86,5.9,5.86,311700.0,1832793.0
002522.SZ,2026-09-16 10:26:00,5.87,5.87,5.87,5.86,137100.0,804237.0
002522.SZ,2026-09-16 10:27:00,5.87,5.86,5.87,5.86,103600.0,607345.0
002522.SZ,2026-09-16 10:28:00,5.86,5.87,5.87,5.86,150100.0,880691.0
002522.SZ,2026-09-16 10:29:00,5.87,5.88,5.88,5.86,116800.0,685402.0
002522.SZ,2026-09-16 10:30:00,5.87,5.88,5.88,5.87,97700.0,574357.0
002522.SZ,2026-09-16 10:31:00,5.88,5.89,5.9,5.88,359200.0,2112738.0
002522.SZ,2026-09-16 10:32:00,5.89,5.9,5.9,5.88,664000.0,3910227.0
002522.SZ,2026-09-16 10:33:00,5.88,5.94,5.94,5.88,513300.0,3036917.0
002522.SZ,2026-09-16 10:34:00,5.92,5.95,5.95,5.92,332900.0,1978779.0
002522.SZ,2026-09-16 10:35:00,5.95,5.93,5.95,5.92,245200.0,1454873.0
002522.SZ,2026-09-16 10:36:00,5.93,5.92,5.93,5.91,221900.0,1314787.0
002522.SZ,2026-09-16 10:37:00,5.91,5.91,5.93,5.89,241169.0,1424408.1
002522.SZ,2026-09-16 10:38:00,5.91,5.94,5.94,5.9,139600.0,827650.0
002522.SZ,2026-09-16 10:39:00,5.95,5.97,5.97,5.95,512700.0,3056672.0
002522.SZ,2026-09-16 10:40:00,5.97,5.97,5.98,5.96,512500.0,3060776.0
002522.SZ,2026-09-16 10:41:00,5.94,5.95,5.96,5.93,272000.0,1618502.0
002522.SZ,2026-09-16 10:42:00,5.95,5.96,5.96,5.95,111300.0,663060.0
002522.SZ,2026-09-16 10:43:00,5.95,5.95,5.96,5.95,161100.0,959193.0
002522.SZ,2026-09-16 10:44:00,5.95,5.95,5.96,5.95,177400.0,1056242.0
002522.SZ,2026-09-16 10:45:00,5.95,5.95,5.95,5.95,104600.0,622166.0
002522.SZ,2026-09-16 10:46:00,5.95,5.94,5.95,5.94,92500.0,549777.0
002522.SZ,2026-09-16 10:47:00,5.94,5.93,5.94,5.92,112000.0,664213.0
002522.SZ,2026-09-16 10:48:00,5.93,5.91,5.93,5.91,115700.0,685160.0
002522.SZ,2026-09-16 10:49:00,5.91,5.96,5.97,5.91,333100.0,1981582.0
002522.SZ,2026-09-16 10:50:00,5.97,5.97,5.97,5.96,122900.0,733518.0
002522.SZ,2026-09-16 10:51:00,5.97,5.96,5.97,5.96,157800.0,941747.0
002522.SZ,2026-09-16 10:52:00,5.96,5.96,5.97,5.96,113600.0,677645.0
002522.SZ,2026-09-16 10:53:00,5.97,5.98,5.98,5.97,370700.0,2214274.0
002522.SZ,2026-09-16 10:54:00,5.98,5.99,5.99,5.97,355800.0,2129099.0
002522.SZ,2026-09-16 10:55:00,5.99,6.01,6.01,5.99,529400.0,3175909.0
002522.SZ,2026-09-16 10:56:00,6.01,6.03,6.04,6.01,842100.0,5075938.0
002522.SZ,2026-09-16 10:57:00,6.02,5.99,6.03,5.99,635600.0,3817485.0
002522.SZ,2026-09-16 10:58:00,6.0,5.99,6.0,5.98,197800.0,1185524.0
002522.SZ,2026-09-16 10:59:00,5.99,5.99,5.99,5.98,144500.0,864531.0
002522.SZ,2026-09-16 11:00:00,5.99,6.0,6.0,5.98,198500.0,1188481.0
002522.SZ,2026-09-16 11:01:00,5.99,5.98,6.0,5.97,264500.0,1582620.0
002522.SZ,2026-09-16 11:02:00,5.98,5.98,5.99,5.98,74500.0,445623.0
002522.SZ,2026-09-16 11:03:00,5.97,5.97,5.98,5.96,309500.0,1846115.0
002522.SZ,2026-09-16 11:04:00,5.97,5.98,5.98,5.97,103600.0,618747.0
002522.SZ,2026-09-16 11:05:00,5.98,5.97,5.99,5.97,141600.0,846525.0
002522.SZ,2026-09-16 11:06:00,5.96,5.96,5.97,5.96,182600.0,1089310.0
002522.SZ,2026-09-16 11:07:00,5.97,5.94,5.97,5.94,340500.0,2026261.0
002522.SZ,2026-09-16 11:08:00,5.94,5.95,5.95,5.94,219714.0,1305667.16
002522.SZ,2026-09-16 11:09:00,5.96,5.95,5.96,5.94,85300.0,507714.0
002522.SZ,2026-09-16 11:10:00,5.95,5.94,5.95,5.94,266800.0,1583658.86
002522.SZ,2026-09-16 11:11:00,5.94,5.95,5.95,5.94,87400.0,519639.0
002522.SZ,2026-09-16 11:12:00,5.95,5.94,5.95,5.94,60600.0,360375.0
002522.SZ,2026-09-16 11:13:00,5.95,5.95,5.95,5.94,44700.0,265944.0
002522.SZ,2026-09-16 11:14:00,5.96,5.96,5.96,5.95,132900.0,791877.0
002522.SZ,2026-09-16 11:15:00,5.95,5.97,5.97,5.95,71900.0,428582.0
002522.SZ,2026-09-16 11:16:00,5.97,5.97,5.97,5.96,84300.0,502710.0
002522.SZ,2026-09-16 11:17:00,5.97,5.95,5.97,5.95,114500.0,682112.0
002522.SZ,2026-09-16 11:18:00,5.96,5.96,5.96,5.95,74100.0,441217.0
002522.SZ,2026-09-16 11:19:00,5.96,5.95,5.96,5.95,133800.0,796574.0
002522.SZ,2026-09-16 11:20:00,5.96,5.98,5.99,5.96,457978.0,2734082.88
002522.SZ,2026-09-16 11:21:00,5.98,5.99,5.99,5.98,129078.0,772693.44
002522.SZ,2026-09-16 11:22:00,5.98,5.99,5.99,5.98,93045.0,557144.1
002522.SZ,2026-09-16 11:23:00,5.99,5.98,5.99,5.96,88200.0,527214.1
002522.SZ,2026-09-16 11:24:00,5.99,5.98,5.99,5.98,86200.0,515582.0
002522.SZ,2026-09-16 11:25:00,5.98,5.99,5.99,5.98,144400.0,864024.0
002522.SZ,2026-09-16 11:26:00,5.99,5.98,5.99,5.97,135800.0,812646.0
002522.SZ,2026-09-16 11:27:00,5.99,5.99,5.99,5.98,104600.0,626058.0
002522.SZ,2026-09-16 11:28:00,5.99,5.97,5.99,5.97,116300.0,695228.0
002522.SZ,2026-09-16 11:29:00,5.98,5.97,5.98,5.96,183855.0,1096713.35
002522.SZ,2026-09-16 11:30:00,5.97,6.07,6.07,5.97,1867345.0,11231230.65
002522.SZ,2026-09-16 13:01:00,6.1,6.13,6.13,6.08,2549200.0,15544479.0
002522.SZ,2026-09-16 13:02:00,6.13,6.1,6.13,6.09,720600.0,4400294.0
002522.SZ,2026-09-16 13:03:00,6.1,6.09,6.1,6.07,536000.0,3262151.0
002522.SZ,2026-09-16 13:04:00,6.08,6.06,6.09,6.06,890800.0,5409772.0
002522.SZ,2026-09-16 13:05:00,6.07,6.06,6.07,6.05,320100.0,1939558.0
002522.SZ,2026-09-16 13:06:00,6.06,6.07,6.07,6.05,230200.0,1395071.0
002522.SZ,2026-09-16 13:07:00,6.07,6.08,6.08,6.06,197300.0,1197296.0
002522.SZ,2026-09-16 13:08:00,6.08,6.08,6.09,6.07,244600.0,1486689.0
002522.SZ,2026-09-16 13:09:00,6.08,6.08,6.09,6.07,214000.0,1300088.0
002522.SZ,2026-09-16 13:10:00,6.07,6.05,6.07,6.05,169800.0,1029552.0
002522.SZ,2026-09-16 13:11:00,6.06,6.05,6.06,6.05,115700.0,700192.0
002522.SZ,2026-09-16 13:12:00,6.05,6.06,6.06,6.05,113900.0,689419.0
002522.SZ,2026-09-16 13:13:00,6.06,6.05,6.06,6.05,164600.0,996173.0
002522.SZ,2026-09-16 13:14:00,6.06,6.04,6.06,6.04,137700.0,832003.0
002522.SZ,2026-09-16 13:15:00,6.04,6.03,6.04,6.03,98700.0,595266.0
002522.SZ,2026-09-16 13:16:00,6.03,6.02,6.04,6.02,155600.0,938155.0
002522.SZ,2026-09-16 13:17:00,6.02,6.03,6.03,6.02,158100.0,952420.0
002522.SZ,2026-09-16 13:18:00,6.03,6.04,6.04,6.02,128200.0,772961.0
002522.SZ,2026-09-16 13:19:00,6.03,6.04,6.04,6.03,146300.0,883491.0
002522.SZ,2026-09-16 13:20:00,6.04,6.04,6.04,6.03,106900.0,645599.0
002522.SZ,2026-09-16 13:21:00,6.03,6.04,6.04,6.03,74800.0,451451.0
002522.SZ,2026-09-16 13:22:00,6.04,6.04,6.04,6.03,101600.0,612888.0
002522.SZ,2026-09-16 13:23:00,6.03,6.02,6.03,6.02,113900.0,686418.0
002522.SZ,2026-09-16 13:24:00,6.02,6.02,6.02,6.01,171800.0,1033649.0
002522.SZ,2026-09-16 13:25:00,6.02,6.01,6.02,6.01,126700.0,761711.0
002522.SZ,2026-09-16 13:26:00,6.02,6.01,6.02,6.01,132100.0,794421.0
002522.SZ,2026-09-16 13:27:00,6.01,6.01,6.02,6.01,85600.0,514764.0
002522.SZ,2026-09-16 13:28:00,6.02,6.02,6.02,6.01,64400.0,387485.0
002522.SZ,2026-09-16 13:29:00,6.02,6.01,6.02,6.01,101500.0,610836.0
002522.SZ,2026-09-16 13:30:00,6.02,6.01,6.02,6.01,71700.0,431036.0
002522.SZ,2026-09-16 13:31:00,6.01,6.02,6.02,6.01,57600.0,346318.0
002522.SZ,2026-09-16 13:32:00,6.02,6.0,6.02,6.0,358500.0,2152677.0
002522.SZ,2026-09-16 13:33:00,6.0,5.99,6.0,5.99,134500.0,806951.0
002522.SZ,2026-09-16 13:34:00,5.99,6.0,6.0,5.99,133600.0,800911.0
002522.SZ,2026-09-16 13:35:00,6.0,6.0,6.0,5.99,175000.0,1049096.0
002522.SZ,2026-09-16 13:36:00,5.99,6.0,6.0,5.99,58100.0,348369.0
002522.SZ,2026-09-16 13:37:00,6.0,6.01,6.01,5.99,281800.0,1690784.0
002522.SZ,2026-09-16 13:38:00,6.0,6.01,6.01,6.0,158000.0,949391.0
002522.SZ,2026-09-16 13:39:00,6.01,6.04,6.04,6.01,284800.0,1714758.0
002522.SZ,2026-09-16 13:40:00,6.04,6.05,6.06,6.04,369800.0,2237924.0
002522.SZ,2026-09-16 13:41:00,6.05,6.05,6.06,6.05,260700.0,1579105.0
002522.SZ,2026-09-16 13:42:00,6.05,6.06,6.06,6.05,111700.0,676124.0
002522.SZ,2026-09-16 13:43:00,6.06,6.04,6.06,6.04,108100.0,654367.0
002522.SZ,2026-09-16 13:44:00,6.05,6.06,6.06,6.05,113100.0,684934.0
002522.SZ,2026-09-16 13:45:00,6.05,6.06,6.06,6.05,65200.0,394698.0
002522.SZ,2026-09-16 13:46:00,6.06,6.05,6.06,6.05,309300.0,1873511.0
002522.SZ,2026-09-16 13:47:00,6.05,6.03,6.05,6.03,147500.0,890460.0
002522.SZ,2026-09-16 13:48:00,6.03,6.02,6.04,6.02,97000.0,584817.0
002522.SZ,2026-09-16 13:49:00,6.01,6.03,6.03,6.01,96000.0,577660.0
002522.SZ,2026-09-16 13:50:00,6.02,6.03,6.03,6.02,76900.0,463122.0
002522.SZ,2026-09-16 13:51:00,6.03,6.03,6.03,6.02,44600.0,268802.0
002522.SZ,2026-09-16 13:52:00,6.03,6.03,6.03,6.02,127000.0,765537.0
002522.SZ,2026-09-16 13:53:00,6.03,6.02,6.03,6.02,29000.0,174710.0
002522.SZ,2026-09-16 13:54:00,6.03,6.02,6.03,6.02,34100.0,205540.0
002522.SZ,2026-09-16 13:55:00,6.03,6.02,6.03,6.01,270000.0,1624514.0
002522.SZ,2026-09-16 13:56:00,6.02,6.03,6.03,6.02,37300.0,224690.0
002522.SZ,2026-09-16 13:57:00,6.03,6.03,6.03,6.02,151300.0,912272.0
002522.SZ,2026-09-16 13:58:00,6.03,6.04,6.04,6.03,113000.0,681929.0
002522.SZ,2026-09-16 13:59:00,6.04,6.04,6.04,6.03,55500.0,334928.0
002522.SZ,2026-09-16 14:00:00,6.03,6.03,6.04,6.03,79400.0,479373.0
002522.SZ,2026-09-16 14:01:00,6.04,6.03,6.04,6.03,47900.0,289174.0
002522.SZ,2026-09-16 14:02:00,6.03,6.03,6.03,6.03,213600.0,1289328.0
002522.SZ,2026-09-16 14:03:00,6.04,6.03,6.04,6.02,186000.0,1121342.0
002522.SZ,2026-09-16 14:04:00,6.02,6.02,6.03,6.02,106400.0,641018.0
002522.SZ,2026-09-16 14:05:00,6.02,6.01,6.02,6.01,120600.0,726015.0
002522.SZ,2026-09-16 14:06:00,6.01,6.01,6.02,6.01,70400.0,423271.0
002522.SZ,2026-09-16 14:07:00,6.02,6.02,6.02,6.01,132500.0,796717.0
002522.SZ,2026-09-16 14:08:00,6.02,6.0,6.02,6.0,97800.0,587695.0
002522.SZ,2026-09-16 14:09:00,6.0,6.01,6.01,6.0,80600.0,483836.0
002522.SZ,2026-09-16 14:10:00,6.01,6.01,6.01,6.0,120500.0,723358.0
002522.SZ,2026-09-16 14:11:00,6.0,6.01,6.01,6.0,85086.0,510624.0
002522.SZ,2026-09-16 14:12:00,6.0,6.01,6.01,6.0,184600.0,1108074.0
002522.SZ,2026-09-16 14:13:00,6.01,6.01,6.01,6.0,198300.0,1190587.0
002522.SZ,2026-09-16 14:14:00,6.01,6.0,6.01,6.0,204500.0,1227218.0
002522.SZ,2026-09-16 14:15:00,6.0,5.99,6.01,5.99,173514.0,1041091.0
002522.SZ,2026-09-16 14:16:00,5.99,6.0,6.0,5.99,170900.0,1024561.0
002522.SZ,2026-09-16 14:17:00,5.99,6.0,6.0,5.99,118000.0,707196.0
002522.SZ,2026-09-16 14:18:00,5.99,6.0,6.0,5.99,122200.0,732310.0
002522.SZ,2026-09-16 14:19:00,6.0,5.99,6.0,5.99,212800.0,1275156.0
002522.SZ,2026-09-16 14:20:00,5.99,5.99,6.0,5.99,67200.0,402800.0
002522.SZ,2026-09-16 14:21:00,6.0,6.0,6.0,5.99,230500.0,1381384.0
002522.SZ,2026-09-16 14:22:00,5.99,6.0,6.0,5.99,89000.0,533307.0
002522.SZ,2026-09-16 14:23:00,5.99,6.0,6.0,5.99,87700.0,525621.0
002522.SZ,2026-09-16 14:24:00,6.0,6.0,6.0,5.99,144500.0,866503.0
002522.SZ,2026-09-16 14:25:00,6.0,6.0,6.0,5.99,131600.0,789247.0
002522.SZ,2026-09-16 14:26:00,6.0,6.0,6.0,5.99,268500.0,1609147.0
002522.SZ,2026-09-16 14:27:00,5.99,5.99,6.0,5.99,198100.0,1187115.0
002522.SZ,2026-09-16 14:28:00,6.0,6.0,6.0,5.99,91900.0,550980.0
002522.SZ,2026-09-16 14:29:00,5.99,6.0,6.0,5.99,185600.0,1113094.0
002522.SZ,2026-09-16 14:30:00,6.0,5.99,6.0,5.99,258400.0,1549631.0
002522.SZ,2026-09-16 14:31:00,5.99,6.01,6.01,5.99,324986.0,1950236.0
002522.SZ,2026-09-16 14:32:00,6.01,6.03,6.03,6.01,335714.0,2021681.28
002522.SZ,2026-09-16 14:33:00,6.03,6.04,6.04,6.02,267000.0,1609315.75
002522.SZ,2026-09-16 14:34:00,6.03,6.04,6.04,6.02,280200.0,1689598.0
002522.SZ,2026-09-16 14:35:00,6.04,6.04,6.04,6.03,228400.0,1379461.75
002522.SZ,2026-09-16 14:36:00,6.05,6.05,6.05,6.04,261100.0,1578608.0
002522.SZ,2026-09-16 14:37:00,6.05,6.02,6.05,6.01,452800.0,2731353.0
002522.SZ,2026-09-16 14:38:00,6.02,6.01,6.02,6.0,685700.0,4116520.0
002522.SZ,2026-09-16 14:39:00,6.01,6.02,6.02,6.0,183300.0,1102323.0
002522.SZ,2026-09-16 14:40:00,6.02,6.02,6.02,6.01,136600.0,821891.0
002522.SZ,2026-09-16 14:41:00,6.02,6.02,6.02,6.01,183700.0,1105063.0
002522.SZ,2026-09-16 14:42:00,6.01,6.0,6.01,6.0,278500.0,1673209.0
002522.SZ,2026-09-16 14:43:00,6.01,6.0,6.01,5.99,445300.0,2672282.14
002522.SZ,2026-09-16 14:44:00,6.0,6.01,6.01,6.0,365100.0,2192535.0
002522.SZ,2026-09-16 14:45:00,6.01,6.01,6.01,6.0,162300.0,974801.0
002522.SZ,2026-09-16 14:46:00,6.0,6.0,6.01,5.99,843800.0,5061355.0
002522.SZ,2026-09-16 14:47:00,6.0,5.99,6.0,5.99,414714.0,2485162.86
002522.SZ,2026-09-16 14:48:00,5.99,5.99,5.99,5.98,539700.0,3229321.0
002522.SZ,2026-09-16 14:49:00,5.99,5.98,5.99,5.97,483600.0,2891881.0
002522.SZ,2026-09-16 14:50:00,5.98,5.96,5.98,5.95,801400.0,4779629.0
002522.SZ,2026-09-16 14:51:00,5.95,5.95,5.95,5.93,1133000.0,6733960.0
002522.SZ,2026-09-16 14:52:00,5.96,5.97,5.97,5.95,514400.0,3064125.0
002522.SZ,2026-09-16 14:53:00,5.97,5.97,5.97,5.96,654400.0,3905570.0
002522.SZ,2026-09-16 14:54:00,5.97,5.98,5.98,5.97,560300.0,3346118.0
002522.SZ,2026-09-16 14:55:00,5.98,5.97,5.98,5.97,775000.0,4629449.0
002522.SZ,2026-09-16 14:56:00,5.96,5.96,5.97,5.96,1182200.0,7047708.0
002522.SZ,2026-09-16 14:57:00,5.96,5.95,5.96,5.94,1383900.0,8234378.0
002522.SZ,2026-09-16 14:58:00,5.95,5.95,5.95,5.95,0.0,0.0
002522.SZ,2026-09-16 14:59:00,5.95,5.95,5.95,5.95,0.0,0.0
002522.SZ,2026-09-16 15:00:00,5.95,5.95,5.95,5.95,1450400.0,8629880.0
